"read_counts","cepa","library"
120,"NC_010981.1","SRR12893564"
72,"NC_018267.1","SRR12893564"
83,"NZ_AP013028.1","SRR12893564"
103,"NZ_CP015510.2","SRR12893564"
116,"NZ_CP021120.1","SRR12893564"
638,"NZ_CP031221.1","SRR12893564"
88,"NZ_CP034333.1","SRR12893564"
97,"NZ_CP034334.1","SRR12893564"
97,"NZ_CP034335.1","SRR12893564"
106,"NZ_CP037426.1","SRR12893564"
113,"NZ_CP041215.1","SRR12893564"
802,"NZ_CP041923.1","SRR12893564"
788,"NZ_CP041924.1","SRR12893564"
121,"NZ_CP042444.1","SRR12893564"
121,"NZ_CP042445.1","SRR12893564"
121,"NZ_CP042446.1","SRR12893564"
108,"NZ_CP042904.1","SRR12893564"
77,"NZ_CP046577.1","SRR12893564"
68,"NZ_CP046578.1","SRR12893564"
65,"NZ_CP046579.1","SRR12893564"
256,"NZ_CP046580.1","SRR12893564"
121,"NZ_CP046921.1","SRR12893564"
121,"NZ_CP046922.1","SRR12893564"
121,"NZ_CP046923.1","SRR12893564"
121,"NZ_CP046924.1","SRR12893564"
121,"NZ_CP046925.1","SRR12893564"
181,"NZ_CP048818.1","SRR12893564"
182,"NZ_CP048819.1","SRR12893564"
180,"NZ_CP048820.1","SRR12893564"
89,"NZ_CP050521.1","SRR12893564"
110,"NZ_CP051156.1","SRR12893564"
95,"NZ_CP051157.1","SRR12893564"
191,"NZ_CP051264.2","SRR12893564"
191,"NZ_CP051265.2","SRR12893564"
176,"NZ_CP051266.2","SRR12893564"
191,"NZ_CP051608.1","SRR12893564"
125,"NZ_CP054557.1","SRR12893564"
114,"NZ_CP067976.1","SRR12893564"
121,"NZ_CP069052.1","SRR12893564"
122,"NZ_CP069053.1","SRR12893564"
97,"NZ_CP069054.1","SRR12893564"
121,"NZ_CP069055.1","SRR12893564"
122,"NZ_CP069060.1","SRR12893564"
125,"NZ_CP072012.1","SRR12893564"
121,"NZ_CP072666.1","SRR12893564"
121,"NZ_CP072667.1","SRR12893564"
121,"NZ_CP072668.1","SRR12893564"
121,"NZ_CP072669.1","SRR12893564"
121,"NZ_CP072670.1","SRR12893564"
121,"NZ_CP072671.1","SRR12893564"
121,"NZ_CP072672.1","SRR12893564"
144,"NZ_CP076228.1","SRR12893564"
638,"NZ_CP080546.1","SRR12893564"
92,"NZ_CP084693.1","SRR12893564"
106,"NZ_CP084694.1","SRR12893564"
112,"NZ_CP087954.1","SRR12893564"
121,"NZ_CP090948.1","SRR12893564"
110,"NZ_CP091195.1","SRR12893564"
140,"NZ_CP092368.1","SRR12893564"
123,"NZ_CP092526.1","SRR12893564"
112,"NZ_CP096925.1","SRR12893564"
112,"NZ_CP096926.1","SRR12893564"
94,"NZ_CP101657.1","SRR12893564"
556,"NZ_CP110359.1","SRR12893564"
72,"NZ_HG810405.1","SRR12893564"
193,"NZ_OW370537.1","SRR12893564"
140,"NZ_OW370567.1","SRR12893564"
114183,"NC_010981.1","SRR12893565"
8450,"NC_018267.1","SRR12893565"
42638,"NZ_AP013028.1","SRR12893565"
41583,"NZ_CP015510.2","SRR12893565"
119643,"NZ_CP021120.1","SRR12893565"
2791005,"NZ_CP031221.1","SRR12893565"
22951,"NZ_CP034333.1","SRR12893565"
101196,"NZ_CP034334.1","SRR12893565"
101196,"NZ_CP034335.1","SRR12893565"
51851,"NZ_CP037426.1","SRR12893565"
58085,"NZ_CP041215.1","SRR12893565"
2782957,"NZ_CP041923.1","SRR12893565"
2793112,"NZ_CP041924.1","SRR12893565"
46968,"NZ_CP042444.1","SRR12893565"
46964,"NZ_CP042445.1","SRR12893565"
46968,"NZ_CP042446.1","SRR12893565"
61698,"NZ_CP042904.1","SRR12893565"
30663,"NZ_CP046577.1","SRR12893565"
15088,"NZ_CP046578.1","SRR12893565"
9000,"NZ_CP046579.1","SRR12893565"
9507,"NZ_CP046580.1","SRR12893565"
47073,"NZ_CP046921.1","SRR12893565"
47073,"NZ_CP046922.1","SRR12893565"
46913,"NZ_CP046923.1","SRR12893565"
46953,"NZ_CP046924.1","SRR12893565"
46966,"NZ_CP046925.1","SRR12893565"
425122,"NZ_CP048818.1","SRR12893565"
425084,"NZ_CP048819.1","SRR12893565"
423031,"NZ_CP048820.1","SRR12893565"
22958,"NZ_CP050521.1","SRR12893565"
45204,"NZ_CP051156.1","SRR12893565"
54741,"NZ_CP051157.1","SRR12893565"
455599,"NZ_CP051264.2","SRR12893565"
455468,"NZ_CP051265.2","SRR12893565"
409427,"NZ_CP051266.2","SRR12893565"
455721,"NZ_CP051608.1","SRR12893565"
51414,"NZ_CP054557.1","SRR12893565"
100538,"NZ_CP067976.1","SRR12893565"
47880,"NZ_CP069052.1","SRR12893565"
48956,"NZ_CP069053.1","SRR12893565"
101197,"NZ_CP069054.1","SRR12893565"
46566,"NZ_CP069055.1","SRR12893565"
49250,"NZ_CP069060.1","SRR12893565"
51844,"NZ_CP072012.1","SRR12893565"
46966,"NZ_CP072666.1","SRR12893565"
46966,"NZ_CP072667.1","SRR12893565"
46966,"NZ_CP072668.1","SRR12893565"
46966,"NZ_CP072669.1","SRR12893565"
46966,"NZ_CP072670.1","SRR12893565"
46966,"NZ_CP072671.1","SRR12893565"
46966,"NZ_CP072672.1","SRR12893565"
46320,"NZ_CP076228.1","SRR12893565"
2791060,"NZ_CP080546.1","SRR12893565"
86364,"NZ_CP084693.1","SRR12893565"
100078,"NZ_CP084694.1","SRR12893565"
118509,"NZ_CP087954.1","SRR12893565"
46968,"NZ_CP090948.1","SRR12893565"
56697,"NZ_CP091195.1","SRR12893565"
9976,"NZ_CP092368.1","SRR12893565"
121073,"NZ_CP092526.1","SRR12893565"
101225,"NZ_CP096925.1","SRR12893565"
101222,"NZ_CP096926.1","SRR12893565"
52896,"NZ_CP101657.1","SRR12893565"
43004,"NZ_CP110359.1","SRR12893565"
8471,"NZ_HG810405.1","SRR12893565"
276361,"NZ_OW370537.1","SRR12893565"
92215,"NZ_OW370567.1","SRR12893565"
109595,"NC_010981.1","SRR12893566"
8512,"NC_018267.1","SRR12893566"
41607,"NZ_AP013028.1","SRR12893566"
40962,"NZ_CP015510.2","SRR12893566"
115065,"NZ_CP021120.1","SRR12893566"
2475326,"NZ_CP031221.1","SRR12893566"
22324,"NZ_CP034333.1","SRR12893566"
97992,"NZ_CP034334.1","SRR12893566"
97995,"NZ_CP034335.1","SRR12893566"
51196,"NZ_CP037426.1","SRR12893566"
57278,"NZ_CP041215.1","SRR12893566"
2466473,"NZ_CP041923.1","SRR12893566"
2477286,"NZ_CP041924.1","SRR12893566"
47100,"NZ_CP042444.1","SRR12893566"
47095,"NZ_CP042445.1","SRR12893566"
47100,"NZ_CP042446.1","SRR12893566"
59866,"NZ_CP042904.1","SRR12893566"
30665,"NZ_CP046577.1","SRR12893566"
14390,"NZ_CP046578.1","SRR12893566"
9323,"NZ_CP046579.1","SRR12893566"
8970,"NZ_CP046580.1","SRR12893566"
47192,"NZ_CP046921.1","SRR12893566"
47192,"NZ_CP046922.1","SRR12893566"
47040,"NZ_CP046923.1","SRR12893566"
47078,"NZ_CP046924.1","SRR12893566"
47100,"NZ_CP046925.1","SRR12893566"
379797,"NZ_CP048818.1","SRR12893566"
379168,"NZ_CP048819.1","SRR12893566"
378121,"NZ_CP048820.1","SRR12893566"
22332,"NZ_CP050521.1","SRR12893566"
44010,"NZ_CP051156.1","SRR12893566"
53058,"NZ_CP051157.1","SRR12893566"
405976,"NZ_CP051264.2","SRR12893566"
405869,"NZ_CP051265.2","SRR12893566"
365025,"NZ_CP051266.2","SRR12893566"
406110,"NZ_CP051608.1","SRR12893566"
50825,"NZ_CP054557.1","SRR12893566"
98280,"NZ_CP067976.1","SRR12893566"
47891,"NZ_CP069052.1","SRR12893566"
48882,"NZ_CP069053.1","SRR12893566"
97995,"NZ_CP069054.1","SRR12893566"
46643,"NZ_CP069055.1","SRR12893566"
49115,"NZ_CP069060.1","SRR12893566"
51461,"NZ_CP072012.1","SRR12893566"
47100,"NZ_CP072666.1","SRR12893566"
47100,"NZ_CP072667.1","SRR12893566"
47100,"NZ_CP072668.1","SRR12893566"
47100,"NZ_CP072669.1","SRR12893566"
47100,"NZ_CP072670.1","SRR12893566"
47100,"NZ_CP072671.1","SRR12893566"
47100,"NZ_CP072672.1","SRR12893566"
46417,"NZ_CP076228.1","SRR12893566"
2475354,"NZ_CP080546.1","SRR12893566"
84552,"NZ_CP084693.1","SRR12893566"
97042,"NZ_CP084694.1","SRR12893566"
114425,"NZ_CP087954.1","SRR12893566"
47100,"NZ_CP090948.1","SRR12893566"
55357,"NZ_CP091195.1","SRR12893566"
9796,"NZ_CP092368.1","SRR12893566"
116536,"NZ_CP092526.1","SRR12893566"
98405,"NZ_CP096925.1","SRR12893566"
98421,"NZ_CP096926.1","SRR12893566"
51576,"NZ_CP101657.1","SRR12893566"
42632,"NZ_CP110359.1","SRR12893566"
8526,"NZ_HG810405.1","SRR12893566"
244565,"NZ_OW370537.1","SRR12893566"
89145,"NZ_OW370567.1","SRR12893566"
101467,"NC_010981.1","SRR12893567"
7109,"NC_018267.1","SRR12893567"
33796,"NZ_AP013028.1","SRR12893567"
33876,"NZ_CP015510.2","SRR12893567"
106534,"NZ_CP021120.1","SRR12893567"
2768161,"NZ_CP031221.1","SRR12893567"
18064,"NZ_CP034333.1","SRR12893567"
90613,"NZ_CP034334.1","SRR12893567"
90613,"NZ_CP034335.1","SRR12893567"
41277,"NZ_CP037426.1","SRR12893567"
47271,"NZ_CP041215.1","SRR12893567"
2764161,"NZ_CP041923.1","SRR12893567"
2771965,"NZ_CP041924.1","SRR12893567"
37774,"NZ_CP042444.1","SRR12893567"
37767,"NZ_CP042445.1","SRR12893567"
37774,"NZ_CP042446.1","SRR12893567"
51570,"NZ_CP042904.1","SRR12893567"
20743,"NZ_CP046577.1","SRR12893567"
10959,"NZ_CP046578.1","SRR12893567"
7137,"NZ_CP046579.1","SRR12893567"
8187,"NZ_CP046580.1","SRR12893567"
37963,"NZ_CP046921.1","SRR12893567"
37962,"NZ_CP046922.1","SRR12893567"
37706,"NZ_CP046923.1","SRR12893567"
37770,"NZ_CP046924.1","SRR12893567"
37774,"NZ_CP046925.1","SRR12893567"
401470,"NZ_CP048818.1","SRR12893567"
401252,"NZ_CP048819.1","SRR12893567"
398494,"NZ_CP048820.1","SRR12893567"
18045,"NZ_CP050521.1","SRR12893567"
35887,"NZ_CP051156.1","SRR12893567"
48649,"NZ_CP051157.1","SRR12893567"
431082,"NZ_CP051264.2","SRR12893567"
430992,"NZ_CP051265.2","SRR12893567"
385853,"NZ_CP051266.2","SRR12893567"
431173,"NZ_CP051608.1","SRR12893567"
40589,"NZ_CP054557.1","SRR12893567"
89759,"NZ_CP067976.1","SRR12893567"
38559,"NZ_CP069052.1","SRR12893567"
39727,"NZ_CP069053.1","SRR12893567"
90614,"NZ_CP069054.1","SRR12893567"
37081,"NZ_CP069055.1","SRR12893567"
39865,"NZ_CP069060.1","SRR12893567"
42941,"NZ_CP072012.1","SRR12893567"
37774,"NZ_CP072666.1","SRR12893567"
37774,"NZ_CP072667.1","SRR12893567"
37774,"NZ_CP072668.1","SRR12893567"
37774,"NZ_CP072669.1","SRR12893567"
37774,"NZ_CP072670.1","SRR12893567"
37774,"NZ_CP072671.1","SRR12893567"
37774,"NZ_CP072672.1","SRR12893567"
37054,"NZ_CP076228.1","SRR12893567"
2768199,"NZ_CP080546.1","SRR12893567"
74979,"NZ_CP084693.1","SRR12893567"
88731,"NZ_CP084694.1","SRR12893567"
106507,"NZ_CP087954.1","SRR12893567"
37773,"NZ_CP090948.1","SRR12893567"
45877,"NZ_CP091195.1","SRR12893567"
8056,"NZ_CP092368.1","SRR12893567"
108318,"NZ_CP092526.1","SRR12893567"
89519,"NZ_CP096925.1","SRR12893567"
89523,"NZ_CP096926.1","SRR12893567"
42296,"NZ_CP101657.1","SRR12893567"
33964,"NZ_CP110359.1","SRR12893567"
7124,"NZ_HG810405.1","SRR12893567"
272731,"NZ_OW370537.1","SRR12893567"
86077,"NZ_OW370567.1","SRR12893567"
129694,"NC_010981.1","SRR12893568"
10594,"NC_018267.1","SRR12893568"
40658,"NZ_AP013028.1","SRR12893568"
44900,"NZ_CP015510.2","SRR12893568"
138834,"NZ_CP021120.1","SRR12893568"
2985830,"NZ_CP031221.1","SRR12893568"
25777,"NZ_CP034333.1","SRR12893568"
116982,"NZ_CP034334.1","SRR12893568"
116985,"NZ_CP034335.1","SRR12893568"
54843,"NZ_CP037426.1","SRR12893568"
60143,"NZ_CP041215.1","SRR12893568"
2984903,"NZ_CP041923.1","SRR12893568"
2995420,"NZ_CP041924.1","SRR12893568"
50838,"NZ_CP042444.1","SRR12893568"
50824,"NZ_CP042445.1","SRR12893568"
50839,"NZ_CP042446.1","SRR12893568"
64919,"NZ_CP042904.1","SRR12893568"
27900,"NZ_CP046577.1","SRR12893568"
16493,"NZ_CP046578.1","SRR12893568"
10276,"NZ_CP046579.1","SRR12893568"
11831,"NZ_CP046580.1","SRR12893568"
51144,"NZ_CP046921.1","SRR12893568"
51142,"NZ_CP046922.1","SRR12893568"
50714,"NZ_CP046923.1","SRR12893568"
50821,"NZ_CP046924.1","SRR12893568"
50837,"NZ_CP046925.1","SRR12893568"
466686,"NZ_CP048818.1","SRR12893568"
462098,"NZ_CP048819.1","SRR12893568"
461433,"NZ_CP048820.1","SRR12893568"
25775,"NZ_CP050521.1","SRR12893568"
42129,"NZ_CP051156.1","SRR12893568"
56383,"NZ_CP051157.1","SRR12893568"
494478,"NZ_CP051264.2","SRR12893568"
494354,"NZ_CP051265.2","SRR12893568"
443438,"NZ_CP051266.2","SRR12893568"
494678,"NZ_CP051608.1","SRR12893568"
54652,"NZ_CP054557.1","SRR12893568"
121533,"NZ_CP067976.1","SRR12893568"
52149,"NZ_CP069052.1","SRR12893568"
54017,"NZ_CP069053.1","SRR12893568"
116986,"NZ_CP069054.1","SRR12893568"
49000,"NZ_CP069055.1","SRR12893568"
54229,"NZ_CP069060.1","SRR12893568"
55876,"NZ_CP072012.1","SRR12893568"
50837,"NZ_CP072666.1","SRR12893568"
50837,"NZ_CP072667.1","SRR12893568"
50837,"NZ_CP072668.1","SRR12893568"
50837,"NZ_CP072669.1","SRR12893568"
50837,"NZ_CP072670.1","SRR12893568"
50837,"NZ_CP072671.1","SRR12893568"
50837,"NZ_CP072672.1","SRR12893568"
48598,"NZ_CP076228.1","SRR12893568"
2985847,"NZ_CP080546.1","SRR12893568"
101122,"NZ_CP084693.1","SRR12893568"
116142,"NZ_CP084694.1","SRR12893568"
136045,"NZ_CP087954.1","SRR12893568"
50838,"NZ_CP090948.1","SRR12893568"
57305,"NZ_CP091195.1","SRR12893568"
11758,"NZ_CP092368.1","SRR12893568"
137710,"NZ_CP092526.1","SRR12893568"
120755,"NZ_CP096925.1","SRR12893568"
120795,"NZ_CP096926.1","SRR12893568"
51485,"NZ_CP101657.1","SRR12893568"
45386,"NZ_CP110359.1","SRR12893568"
10613,"NZ_HG810405.1","SRR12893568"
327905,"NZ_OW370537.1","SRR12893568"
114436,"NZ_OW370567.1","SRR12893568"
97241,"NC_010981.1","SRR12893569"
9185,"NC_018267.1","SRR12893569"
39123,"NZ_AP013028.1","SRR12893569"
43056,"NZ_CP015510.2","SRR12893569"
101779,"NZ_CP021120.1","SRR12893569"
1560278,"NZ_CP031221.1","SRR12893569"
24609,"NZ_CP034333.1","SRR12893569"
87615,"NZ_CP034334.1","SRR12893569"
87616,"NZ_CP034335.1","SRR12893569"
53618,"NZ_CP037426.1","SRR12893569"
56951,"NZ_CP041215.1","SRR12893569"
1550626,"NZ_CP041923.1","SRR12893569"
1563353,"NZ_CP041924.1","SRR12893569"
49130,"NZ_CP042444.1","SRR12893569"
49125,"NZ_CP042445.1","SRR12893569"
49130,"NZ_CP042446.1","SRR12893569"
58519,"NZ_CP042904.1","SRR12893569"
34307,"NZ_CP046577.1","SRR12893569"
15600,"NZ_CP046578.1","SRR12893569"
10310,"NZ_CP046579.1","SRR12893569"
8116,"NZ_CP046580.1","SRR12893569"
49279,"NZ_CP046921.1","SRR12893569"
49278,"NZ_CP046922.1","SRR12893569"
49074,"NZ_CP046923.1","SRR12893569"
49125,"NZ_CP046924.1","SRR12893569"
49130,"NZ_CP046925.1","SRR12893569"
272613,"NZ_CP048818.1","SRR12893569"
269761,"NZ_CP048819.1","SRR12893569"
271241,"NZ_CP048820.1","SRR12893569"
24610,"NZ_CP050521.1","SRR12893569"
43279,"NZ_CP051156.1","SRR12893569"
50423,"NZ_CP051157.1","SRR12893569"
286088,"NZ_CP051264.2","SRR12893569"
285976,"NZ_CP051265.2","SRR12893569"
259511,"NZ_CP051266.2","SRR12893569"
286225,"NZ_CP051608.1","SRR12893569"
53614,"NZ_CP054557.1","SRR12893569"
90607,"NZ_CP067976.1","SRR12893569"
50026,"NZ_CP069052.1","SRR12893569"
51095,"NZ_CP069053.1","SRR12893569"
87616,"NZ_CP069054.1","SRR12893569"
48433,"NZ_CP069055.1","SRR12893569"
51319,"NZ_CP069060.1","SRR12893569"
52128,"NZ_CP072012.1","SRR12893569"
49130,"NZ_CP072666.1","SRR12893569"
49130,"NZ_CP072667.1","SRR12893569"
49130,"NZ_CP072668.1","SRR12893569"
49130,"NZ_CP072669.1","SRR12893569"
49130,"NZ_CP072670.1","SRR12893569"
49130,"NZ_CP072671.1","SRR12893569"
49130,"NZ_CP072672.1","SRR12893569"
48083,"NZ_CP076228.1","SRR12893569"
1560297,"NZ_CP080546.1","SRR12893569"
79230,"NZ_CP084693.1","SRR12893569"
87582,"NZ_CP084694.1","SRR12893569"
101906,"NZ_CP087954.1","SRR12893569"
49128,"NZ_CP090948.1","SRR12893569"
56358,"NZ_CP091195.1","SRR12893569"
11507,"NZ_CP092368.1","SRR12893569"
102509,"NZ_CP092526.1","SRR12893569"
90655,"NZ_CP096925.1","SRR12893569"
90683,"NZ_CP096926.1","SRR12893569"
47145,"NZ_CP101657.1","SRR12893569"
44143,"NZ_CP110359.1","SRR12893569"
9186,"NZ_HG810405.1","SRR12893569"
179625,"NZ_OW370537.1","SRR12893569"
84265,"NZ_OW370567.1","SRR12893569"
89124,"NC_010981.1","SRR12893570"
7263,"NC_018267.1","SRR12893570"
29677,"NZ_AP013028.1","SRR12893570"
31944,"NZ_CP015510.2","SRR12893570"
95208,"NZ_CP021120.1","SRR12893570"
1948150,"NZ_CP031221.1","SRR12893570"
18957,"NZ_CP034333.1","SRR12893570"
79814,"NZ_CP034334.1","SRR12893570"
79814,"NZ_CP034335.1","SRR12893570"
39899,"NZ_CP037426.1","SRR12893570"
43321,"NZ_CP041215.1","SRR12893570"
1944726,"NZ_CP041923.1","SRR12893570"
1952620,"NZ_CP041924.1","SRR12893570"
36541,"NZ_CP042444.1","SRR12893570"
36538,"NZ_CP042445.1","SRR12893570"
36539,"NZ_CP042446.1","SRR12893570"
45887,"NZ_CP042904.1","SRR12893570"
22080,"NZ_CP046577.1","SRR12893570"
12656,"NZ_CP046578.1","SRR12893570"
7239,"NZ_CP046579.1","SRR12893570"
7670,"NZ_CP046580.1","SRR12893570"
36747,"NZ_CP046921.1","SRR12893570"
36747,"NZ_CP046922.1","SRR12893570"
36471,"NZ_CP046923.1","SRR12893570"
36540,"NZ_CP046924.1","SRR12893570"
36538,"NZ_CP046925.1","SRR12893570"
317375,"NZ_CP048818.1","SRR12893570"
313212,"NZ_CP048819.1","SRR12893570"
313309,"NZ_CP048820.1","SRR12893570"
18945,"NZ_CP050521.1","SRR12893570"
30482,"NZ_CP051156.1","SRR12893570"
39855,"NZ_CP051157.1","SRR12893570"
332930,"NZ_CP051264.2","SRR12893570"
332824,"NZ_CP051265.2","SRR12893570"
300203,"NZ_CP051266.2","SRR12893570"
333083,"NZ_CP051608.1","SRR12893570"
39995,"NZ_CP054557.1","SRR12893570"
83164,"NZ_CP067976.1","SRR12893570"
37470,"NZ_CP069052.1","SRR12893570"
38770,"NZ_CP069053.1","SRR12893570"
79815,"NZ_CP069054.1","SRR12893570"
35575,"NZ_CP069055.1","SRR12893570"
38916,"NZ_CP069060.1","SRR12893570"
39684,"NZ_CP072012.1","SRR12893570"
36538,"NZ_CP072666.1","SRR12893570"
36538,"NZ_CP072667.1","SRR12893570"
36538,"NZ_CP072668.1","SRR12893570"
36538,"NZ_CP072669.1","SRR12893570"
36538,"NZ_CP072670.1","SRR12893570"
36538,"NZ_CP072671.1","SRR12893570"
36538,"NZ_CP072672.1","SRR12893570"
35271,"NZ_CP076228.1","SRR12893570"
1948163,"NZ_CP080546.1","SRR12893570"
70057,"NZ_CP084693.1","SRR12893570"
79804,"NZ_CP084694.1","SRR12893570"
94019,"NZ_CP087954.1","SRR12893570"
36539,"NZ_CP090948.1","SRR12893570"
41802,"NZ_CP091195.1","SRR12893570"
8367,"NZ_CP092368.1","SRR12893570"
94210,"NZ_CP092526.1","SRR12893570"
82968,"NZ_CP096925.1","SRR12893570"
83002,"NZ_CP096926.1","SRR12893570"
37203,"NZ_CP101657.1","SRR12893570"
34082,"NZ_CP110359.1","SRR12893570"
7267,"NZ_HG810405.1","SRR12893570"
212768,"NZ_OW370537.1","SRR12893570"
81925,"NZ_OW370567.1","SRR12893570"
97390,"NC_010981.1","SRR12893571"
6529,"NC_018267.1","SRR12893571"
25156,"NZ_AP013028.1","SRR12893571"
27773,"NZ_CP015510.2","SRR12893571"
105157,"NZ_CP021120.1","SRR12893571"
2047077,"NZ_CP031221.1","SRR12893571"
15573,"NZ_CP034333.1","SRR12893571"
87386,"NZ_CP034334.1","SRR12893571"
87386,"NZ_CP034335.1","SRR12893571"
36000,"NZ_CP037426.1","SRR12893571"
40154,"NZ_CP041215.1","SRR12893571"
2043857,"NZ_CP041923.1","SRR12893571"
2050011,"NZ_CP041924.1","SRR12893571"
32711,"NZ_CP042444.1","SRR12893571"
32698,"NZ_CP042445.1","SRR12893571"
32713,"NZ_CP042446.1","SRR12893571"
42086,"NZ_CP042904.1","SRR12893571"
18162,"NZ_CP046577.1","SRR12893571"
11107,"NZ_CP046578.1","SRR12893571"
5980,"NZ_CP046579.1","SRR12893571"
6853,"NZ_CP046580.1","SRR12893571"
33105,"NZ_CP046921.1","SRR12893571"
33105,"NZ_CP046922.1","SRR12893571"
32581,"NZ_CP046923.1","SRR12893571"
32712,"NZ_CP046924.1","SRR12893571"
32712,"NZ_CP046925.1","SRR12893571"
334516,"NZ_CP048818.1","SRR12893571"
330596,"NZ_CP048819.1","SRR12893571"
329904,"NZ_CP048820.1","SRR12893571"
15561,"NZ_CP050521.1","SRR12893571"
26203,"NZ_CP051156.1","SRR12893571"
34413,"NZ_CP051157.1","SRR12893571"
350616,"NZ_CP051264.2","SRR12893571"
350488,"NZ_CP051265.2","SRR12893571"
316571,"NZ_CP051266.2","SRR12893571"
350785,"NZ_CP051608.1","SRR12893571"
35144,"NZ_CP054557.1","SRR12893571"
93511,"NZ_CP067976.1","SRR12893571"
34205,"NZ_CP069052.1","SRR12893571"
35919,"NZ_CP069053.1","SRR12893571"
87387,"NZ_CP069054.1","SRR12893571"
31037,"NZ_CP069055.1","SRR12893571"
36404,"NZ_CP069060.1","SRR12893571"
36559,"NZ_CP072012.1","SRR12893571"
32712,"NZ_CP072666.1","SRR12893571"
32712,"NZ_CP072667.1","SRR12893571"
32712,"NZ_CP072668.1","SRR12893571"
32712,"NZ_CP072669.1","SRR12893571"
32712,"NZ_CP072670.1","SRR12893571"
32712,"NZ_CP072671.1","SRR12893571"
32712,"NZ_CP072672.1","SRR12893571"
29839,"NZ_CP076228.1","SRR12893571"
2047104,"NZ_CP080546.1","SRR12893571"
77646,"NZ_CP084693.1","SRR12893571"
88079,"NZ_CP084694.1","SRR12893571"
103103,"NZ_CP087954.1","SRR12893571"
32712,"NZ_CP090948.1","SRR12893571"
37049,"NZ_CP091195.1","SRR12893571"
6376,"NZ_CP092368.1","SRR12893571"
104031,"NZ_CP092526.1","SRR12893571"
92423,"NZ_CP096925.1","SRR12893571"
92474,"NZ_CP096926.1","SRR12893571"
36102,"NZ_CP101657.1","SRR12893571"
28619,"NZ_CP110359.1","SRR12893571"
6529,"NZ_HG810405.1","SRR12893571"
232467,"NZ_OW370537.1","SRR12893571"
79679,"NZ_OW370567.1","SRR12893571"
155,"NC_010981.1","SRR12893572"
121,"NC_018267.1","SRR12893572"
134,"NZ_AP013028.1","SRR12893572"
145,"NZ_CP015510.2","SRR12893572"
157,"NZ_CP021120.1","SRR12893572"
1189,"NZ_CP031221.1","SRR12893572"
144,"NZ_CP034333.1","SRR12893572"
144,"NZ_CP034334.1","SRR12893572"
144,"NZ_CP034335.1","SRR12893572"
221,"NZ_CP037426.1","SRR12893572"
219,"NZ_CP041215.1","SRR12893572"
2094,"NZ_CP041923.1","SRR12893572"
2022,"NZ_CP041924.1","SRR12893572"
244,"NZ_CP042444.1","SRR12893572"
244,"NZ_CP042445.1","SRR12893572"
244,"NZ_CP042446.1","SRR12893572"
220,"NZ_CP042904.1","SRR12893572"
109,"NZ_CP046577.1","SRR12893572"
143,"NZ_CP046578.1","SRR12893572"
114,"NZ_CP046579.1","SRR12893572"
532,"NZ_CP046580.1","SRR12893572"
244,"NZ_CP046921.1","SRR12893572"
244,"NZ_CP046922.1","SRR12893572"
244,"NZ_CP046923.1","SRR12893572"
244,"NZ_CP046924.1","SRR12893572"
244,"NZ_CP046925.1","SRR12893572"
277,"NZ_CP048818.1","SRR12893572"
272,"NZ_CP048819.1","SRR12893572"
269,"NZ_CP048820.1","SRR12893572"
138,"NZ_CP050521.1","SRR12893572"
205,"NZ_CP051156.1","SRR12893572"
136,"NZ_CP051157.1","SRR12893572"
280,"NZ_CP051264.2","SRR12893572"
280,"NZ_CP051265.2","SRR12893572"
263,"NZ_CP051266.2","SRR12893572"
282,"NZ_CP051608.1","SRR12893572"
243,"NZ_CP054557.1","SRR12893572"
147,"NZ_CP067976.1","SRR12893572"
245,"NZ_CP069052.1","SRR12893572"
245,"NZ_CP069053.1","SRR12893572"
144,"NZ_CP069054.1","SRR12893572"
243,"NZ_CP069055.1","SRR12893572"
245,"NZ_CP069060.1","SRR12893572"
258,"NZ_CP072012.1","SRR12893572"
244,"NZ_CP072666.1","SRR12893572"
244,"NZ_CP072667.1","SRR12893572"
244,"NZ_CP072668.1","SRR12893572"
244,"NZ_CP072669.1","SRR12893572"
244,"NZ_CP072670.1","SRR12893572"
244,"NZ_CP072671.1","SRR12893572"
244,"NZ_CP072672.1","SRR12893572"
284,"NZ_CP076228.1","SRR12893572"
1189,"NZ_CP080546.1","SRR12893572"
141,"NZ_CP084693.1","SRR12893572"
151,"NZ_CP084694.1","SRR12893572"
166,"NZ_CP087954.1","SRR12893572"
244,"NZ_CP090948.1","SRR12893572"
230,"NZ_CP091195.1","SRR12893572"
179,"NZ_CP092368.1","SRR12893572"
159,"NZ_CP092526.1","SRR12893572"
150,"NZ_CP096925.1","SRR12893572"
150,"NZ_CP096926.1","SRR12893572"
142,"NZ_CP101657.1","SRR12893572"
574,"NZ_CP110359.1","SRR12893572"
122,"NZ_HG810405.1","SRR12893572"
331,"NZ_OW370537.1","SRR12893572"
269,"NZ_OW370567.1","SRR12893572"
296,"NC_010981.1","SRR12893573"
301,"NC_018267.1","SRR12893573"
283,"NZ_AP013028.1","SRR12893573"
323,"NZ_CP015510.2","SRR12893573"
289,"NZ_CP021120.1","SRR12893573"
361,"NZ_CP031221.1","SRR12893573"
305,"NZ_CP034333.1","SRR12893573"
290,"NZ_CP034334.1","SRR12893573"
290,"NZ_CP034335.1","SRR12893573"
429,"NZ_CP037426.1","SRR12893573"
430,"NZ_CP041215.1","SRR12893573"
1738,"NZ_CP041923.1","SRR12893573"
1733,"NZ_CP041924.1","SRR12893573"
464,"NZ_CP042444.1","SRR12893573"
464,"NZ_CP042445.1","SRR12893573"
464,"NZ_CP042446.1","SRR12893573"
426,"NZ_CP042904.1","SRR12893573"
276,"NZ_CP046577.1","SRR12893573"
292,"NZ_CP046578.1","SRR12893573"
282,"NZ_CP046579.1","SRR12893573"
665,"NZ_CP046580.1","SRR12893573"
464,"NZ_CP046921.1","SRR12893573"
464,"NZ_CP046922.1","SRR12893573"
464,"NZ_CP046923.1","SRR12893573"
464,"NZ_CP046924.1","SRR12893573"
464,"NZ_CP046925.1","SRR12893573"
276,"NZ_CP048818.1","SRR12893573"
275,"NZ_CP048819.1","SRR12893573"
275,"NZ_CP048820.1","SRR12893573"
302,"NZ_CP050521.1","SRR12893573"
359,"NZ_CP051156.1","SRR12893573"
309,"NZ_CP051157.1","SRR12893573"
281,"NZ_CP051264.2","SRR12893573"
281,"NZ_CP051265.2","SRR12893573"
275,"NZ_CP051266.2","SRR12893573"
283,"NZ_CP051608.1","SRR12893573"
466,"NZ_CP054557.1","SRR12893573"
289,"NZ_CP067976.1","SRR12893573"
466,"NZ_CP069052.1","SRR12893573"
468,"NZ_CP069053.1","SRR12893573"
290,"NZ_CP069054.1","SRR12893573"
464,"NZ_CP069055.1","SRR12893573"
468,"NZ_CP069060.1","SRR12893573"
479,"NZ_CP072012.1","SRR12893573"
464,"NZ_CP072666.1","SRR12893573"
464,"NZ_CP072667.1","SRR12893573"
464,"NZ_CP072668.1","SRR12893573"
464,"NZ_CP072669.1","SRR12893573"
464,"NZ_CP072670.1","SRR12893573"
464,"NZ_CP072671.1","SRR12893573"
464,"NZ_CP072672.1","SRR12893573"
535,"NZ_CP076228.1","SRR12893573"
361,"NZ_CP080546.1","SRR12893573"
270,"NZ_CP084693.1","SRR12893573"
291,"NZ_CP084694.1","SRR12893573"
298,"NZ_CP087954.1","SRR12893573"
464,"NZ_CP090948.1","SRR12893573"
422,"NZ_CP091195.1","SRR12893573"
384,"NZ_CP092368.1","SRR12893573"
296,"NZ_CP092526.1","SRR12893573"
290,"NZ_CP096925.1","SRR12893573"
290,"NZ_CP096926.1","SRR12893573"
311,"NZ_CP101657.1","SRR12893573"
1502,"NZ_CP110359.1","SRR12893573"
301,"NZ_HG810405.1","SRR12893573"
419,"NZ_OW370537.1","SRR12893573"
465,"NZ_OW370567.1","SRR12893573"
382,"NC_010981.1","SRR12893574"
412,"NC_018267.1","SRR12893574"
365,"NZ_AP013028.1","SRR12893574"
399,"NZ_CP015510.2","SRR12893574"
369,"NZ_CP021120.1","SRR12893574"
656,"NZ_CP031221.1","SRR12893574"
372,"NZ_CP034333.1","SRR12893574"
354,"NZ_CP034334.1","SRR12893574"
354,"NZ_CP034335.1","SRR12893574"
521,"NZ_CP037426.1","SRR12893574"
528,"NZ_CP041215.1","SRR12893574"
3285,"NZ_CP041923.1","SRR12893574"
2718,"NZ_CP041924.1","SRR12893574"
554,"NZ_CP042444.1","SRR12893574"
554,"NZ_CP042445.1","SRR12893574"
554,"NZ_CP042446.1","SRR12893574"
517,"NZ_CP042904.1","SRR12893574"
329,"NZ_CP046577.1","SRR12893574"
383,"NZ_CP046578.1","SRR12893574"
373,"NZ_CP046579.1","SRR12893574"
807,"NZ_CP046580.1","SRR12893574"
557,"NZ_CP046921.1","SRR12893574"
557,"NZ_CP046922.1","SRR12893574"
553,"NZ_CP046923.1","SRR12893574"
554,"NZ_CP046924.1","SRR12893574"
554,"NZ_CP046925.1","SRR12893574"
370,"NZ_CP048818.1","SRR12893574"
370,"NZ_CP048819.1","SRR12893574"
369,"NZ_CP048820.1","SRR12893574"
368,"NZ_CP050521.1","SRR12893574"
476,"NZ_CP051156.1","SRR12893574"
392,"NZ_CP051157.1","SRR12893574"
378,"NZ_CP051264.2","SRR12893574"
378,"NZ_CP051265.2","SRR12893574"
368,"NZ_CP051266.2","SRR12893574"
378,"NZ_CP051608.1","SRR12893574"
555,"NZ_CP054557.1","SRR12893574"
356,"NZ_CP067976.1","SRR12893574"
555,"NZ_CP069052.1","SRR12893574"
555,"NZ_CP069053.1","SRR12893574"
354,"NZ_CP069054.1","SRR12893574"
552,"NZ_CP069055.1","SRR12893574"
557,"NZ_CP069060.1","SRR12893574"
561,"NZ_CP072012.1","SRR12893574"
554,"NZ_CP072666.1","SRR12893574"
554,"NZ_CP072667.1","SRR12893574"
554,"NZ_CP072668.1","SRR12893574"
554,"NZ_CP072669.1","SRR12893574"
554,"NZ_CP072670.1","SRR12893574"
554,"NZ_CP072671.1","SRR12893574"
554,"NZ_CP072672.1","SRR12893574"
624,"NZ_CP076228.1","SRR12893574"
656,"NZ_CP080546.1","SRR12893574"
344,"NZ_CP084693.1","SRR12893574"
356,"NZ_CP084694.1","SRR12893574"
365,"NZ_CP087954.1","SRR12893574"
554,"NZ_CP090948.1","SRR12893574"
519,"NZ_CP091195.1","SRR12893574"
372,"NZ_CP092368.1","SRR12893574"
376,"NZ_CP092526.1","SRR12893574"
357,"NZ_CP096925.1","SRR12893574"
357,"NZ_CP096926.1","SRR12893574"
402,"NZ_CP101657.1","SRR12893574"
1424,"NZ_CP110359.1","SRR12893574"
416,"NZ_HG810405.1","SRR12893574"
541,"NZ_OW370537.1","SRR12893574"
582,"NZ_OW370567.1","SRR12893574"
242,"NC_010981.1","SRR12893575"
207,"NC_018267.1","SRR12893575"
213,"NZ_AP013028.1","SRR12893575"
232,"NZ_CP015510.2","SRR12893575"
231,"NZ_CP021120.1","SRR12893575"
687,"NZ_CP031221.1","SRR12893575"
280,"NZ_CP034333.1","SRR12893575"
236,"NZ_CP034334.1","SRR12893575"
236,"NZ_CP034335.1","SRR12893575"
363,"NZ_CP037426.1","SRR12893575"
375,"NZ_CP041215.1","SRR12893575"
1497,"NZ_CP041923.1","SRR12893575"
1418,"NZ_CP041924.1","SRR12893575"
368,"NZ_CP042444.1","SRR12893575"
368,"NZ_CP042445.1","SRR12893575"
368,"NZ_CP042446.1","SRR12893575"
368,"NZ_CP042904.1","SRR12893575"
224,"NZ_CP046577.1","SRR12893575"
207,"NZ_CP046578.1","SRR12893575"
195,"NZ_CP046579.1","SRR12893575"
1082,"NZ_CP046580.1","SRR12893575"
368,"NZ_CP046921.1","SRR12893575"
368,"NZ_CP046922.1","SRR12893575"
368,"NZ_CP046923.1","SRR12893575"
368,"NZ_CP046924.1","SRR12893575"
368,"NZ_CP046925.1","SRR12893575"
285,"NZ_CP048818.1","SRR12893575"
283,"NZ_CP048819.1","SRR12893575"
282,"NZ_CP048820.1","SRR12893575"
268,"NZ_CP050521.1","SRR12893575"
356,"NZ_CP051156.1","SRR12893575"
236,"NZ_CP051157.1","SRR12893575"
291,"NZ_CP051264.2","SRR12893575"
291,"NZ_CP051265.2","SRR12893575"
281,"NZ_CP051266.2","SRR12893575"
294,"NZ_CP051608.1","SRR12893575"
367,"NZ_CP054557.1","SRR12893575"
227,"NZ_CP067976.1","SRR12893575"
372,"NZ_CP069052.1","SRR12893575"
373,"NZ_CP069053.1","SRR12893575"
236,"NZ_CP069054.1","SRR12893575"
368,"NZ_CP069055.1","SRR12893575"
374,"NZ_CP069060.1","SRR12893575"
383,"NZ_CP072012.1","SRR12893575"
368,"NZ_CP072666.1","SRR12893575"
368,"NZ_CP072667.1","SRR12893575"
368,"NZ_CP072668.1","SRR12893575"
368,"NZ_CP072669.1","SRR12893575"
368,"NZ_CP072670.1","SRR12893575"
368,"NZ_CP072671.1","SRR12893575"
368,"NZ_CP072672.1","SRR12893575"
389,"NZ_CP076228.1","SRR12893575"
687,"NZ_CP080546.1","SRR12893575"
223,"NZ_CP084693.1","SRR12893575"
230,"NZ_CP084694.1","SRR12893575"
264,"NZ_CP087954.1","SRR12893575"
368,"NZ_CP090948.1","SRR12893575"
405,"NZ_CP091195.1","SRR12893575"
385,"NZ_CP092368.1","SRR12893575"
245,"NZ_CP092526.1","SRR12893575"
223,"NZ_CP096925.1","SRR12893575"
223,"NZ_CP096926.1","SRR12893575"
242,"NZ_CP101657.1","SRR12893575"
814,"NZ_CP110359.1","SRR12893575"
207,"NZ_HG810405.1","SRR12893575"
439,"NZ_OW370537.1","SRR12893575"
456,"NZ_OW370567.1","SRR12893575"
340,"NC_010981.1","SRR12893576"
267,"NC_018267.1","SRR12893576"
286,"NZ_AP013028.1","SRR12893576"
319,"NZ_CP015510.2","SRR12893576"
330,"NZ_CP021120.1","SRR12893576"
976,"NZ_CP031221.1","SRR12893576"
323,"NZ_CP034333.1","SRR12893576"
324,"NZ_CP034334.1","SRR12893576"
324,"NZ_CP034335.1","SRR12893576"
349,"NZ_CP037426.1","SRR12893576"
344,"NZ_CP041215.1","SRR12893576"
1853,"NZ_CP041923.1","SRR12893576"
1751,"NZ_CP041924.1","SRR12893576"
362,"NZ_CP042444.1","SRR12893576"
362,"NZ_CP042445.1","SRR12893576"
362,"NZ_CP042446.1","SRR12893576"
343,"NZ_CP042904.1","SRR12893576"
271,"NZ_CP046577.1","SRR12893576"
276,"NZ_CP046578.1","SRR12893576"
262,"NZ_CP046579.1","SRR12893576"
1314,"NZ_CP046580.1","SRR12893576"
362,"NZ_CP046921.1","SRR12893576"
362,"NZ_CP046922.1","SRR12893576"
362,"NZ_CP046923.1","SRR12893576"
362,"NZ_CP046924.1","SRR12893576"
362,"NZ_CP046925.1","SRR12893576"
375,"NZ_CP048818.1","SRR12893576"
377,"NZ_CP048819.1","SRR12893576"
377,"NZ_CP048820.1","SRR12893576"
311,"NZ_CP050521.1","SRR12893576"
416,"NZ_CP051156.1","SRR12893576"
304,"NZ_CP051157.1","SRR12893576"
398,"NZ_CP051264.2","SRR12893576"
399,"NZ_CP051265.2","SRR12893576"
374,"NZ_CP051266.2","SRR12893576"
401,"NZ_CP051608.1","SRR12893576"
366,"NZ_CP054557.1","SRR12893576"
323,"NZ_CP067976.1","SRR12893576"
363,"NZ_CP069052.1","SRR12893576"
365,"NZ_CP069053.1","SRR12893576"
324,"NZ_CP069054.1","SRR12893576"
362,"NZ_CP069055.1","SRR12893576"
365,"NZ_CP069060.1","SRR12893576"
374,"NZ_CP072012.1","SRR12893576"
362,"NZ_CP072666.1","SRR12893576"
362,"NZ_CP072667.1","SRR12893576"
362,"NZ_CP072668.1","SRR12893576"
362,"NZ_CP072669.1","SRR12893576"
362,"NZ_CP072670.1","SRR12893576"
362,"NZ_CP072671.1","SRR12893576"
362,"NZ_CP072672.1","SRR12893576"
420,"NZ_CP076228.1","SRR12893576"
976,"NZ_CP080546.1","SRR12893576"
310,"NZ_CP084693.1","SRR12893576"
325,"NZ_CP084694.1","SRR12893576"
344,"NZ_CP087954.1","SRR12893576"
362,"NZ_CP090948.1","SRR12893576"
365,"NZ_CP091195.1","SRR12893576"
401,"NZ_CP092368.1","SRR12893576"
338,"NZ_CP092526.1","SRR12893576"
329,"NZ_CP096925.1","SRR12893576"
329,"NZ_CP096926.1","SRR12893576"
307,"NZ_CP101657.1","SRR12893576"
843,"NZ_CP110359.1","SRR12893576"
266,"NZ_HG810405.1","SRR12893576"
388,"NZ_OW370537.1","SRR12893576"
440,"NZ_OW370567.1","SRR12893576"
315,"NC_010981.1","SRR12893577"
295,"NC_018267.1","SRR12893577"
286,"NZ_AP013028.1","SRR12893577"
322,"NZ_CP015510.2","SRR12893577"
311,"NZ_CP021120.1","SRR12893577"
1055,"NZ_CP031221.1","SRR12893577"
306,"NZ_CP034333.1","SRR12893577"
297,"NZ_CP034334.1","SRR12893577"
297,"NZ_CP034335.1","SRR12893577"
368,"NZ_CP037426.1","SRR12893577"
371,"NZ_CP041215.1","SRR12893577"
2904,"NZ_CP041923.1","SRR12893577"
2746,"NZ_CP041924.1","SRR12893577"
362,"NZ_CP042444.1","SRR12893577"
362,"NZ_CP042445.1","SRR12893577"
362,"NZ_CP042446.1","SRR12893577"
370,"NZ_CP042904.1","SRR12893577"
285,"NZ_CP046577.1","SRR12893577"
297,"NZ_CP046578.1","SRR12893577"
277,"NZ_CP046579.1","SRR12893577"
960,"NZ_CP046580.1","SRR12893577"
362,"NZ_CP046921.1","SRR12893577"
362,"NZ_CP046922.1","SRR12893577"
362,"NZ_CP046923.1","SRR12893577"
362,"NZ_CP046924.1","SRR12893577"
362,"NZ_CP046925.1","SRR12893577"
380,"NZ_CP048818.1","SRR12893577"
401,"NZ_CP048819.1","SRR12893577"
379,"NZ_CP048820.1","SRR12893577"
299,"NZ_CP050521.1","SRR12893577"
409,"NZ_CP051156.1","SRR12893577"
303,"NZ_CP051157.1","SRR12893577"
384,"NZ_CP051264.2","SRR12893577"
384,"NZ_CP051265.2","SRR12893577"
375,"NZ_CP051266.2","SRR12893577"
388,"NZ_CP051608.1","SRR12893577"
369,"NZ_CP054557.1","SRR12893577"
307,"NZ_CP067976.1","SRR12893577"
366,"NZ_CP069052.1","SRR12893577"
368,"NZ_CP069053.1","SRR12893577"
297,"NZ_CP069054.1","SRR12893577"
362,"NZ_CP069055.1","SRR12893577"
368,"NZ_CP069060.1","SRR12893577"
381,"NZ_CP072012.1","SRR12893577"
362,"NZ_CP072666.1","SRR12893577"
362,"NZ_CP072667.1","SRR12893577"
362,"NZ_CP072668.1","SRR12893577"
362,"NZ_CP072669.1","SRR12893577"
362,"NZ_CP072670.1","SRR12893577"
362,"NZ_CP072671.1","SRR12893577"
362,"NZ_CP072672.1","SRR12893577"
435,"NZ_CP076228.1","SRR12893577"
1055,"NZ_CP080546.1","SRR12893577"
287,"NZ_CP084693.1","SRR12893577"
302,"NZ_CP084694.1","SRR12893577"
320,"NZ_CP087954.1","SRR12893577"
362,"NZ_CP090948.1","SRR12893577"
373,"NZ_CP091195.1","SRR12893577"
359,"NZ_CP092368.1","SRR12893577"
313,"NZ_CP092526.1","SRR12893577"
304,"NZ_CP096925.1","SRR12893577"
304,"NZ_CP096926.1","SRR12893577"
308,"NZ_CP101657.1","SRR12893577"
821,"NZ_CP110359.1","SRR12893577"
296,"NZ_HG810405.1","SRR12893577"
357,"NZ_OW370537.1","SRR12893577"
446,"NZ_OW370567.1","SRR12893577"
121,"NC_010981.1","SRR12893578"
82,"NC_018267.1","SRR12893578"
80,"NZ_AP013028.1","SRR12893578"
97,"NZ_CP015510.2","SRR12893578"
118,"NZ_CP021120.1","SRR12893578"
580,"NZ_CP031221.1","SRR12893578"
86,"NZ_CP034333.1","SRR12893578"
112,"NZ_CP034334.1","SRR12893578"
112,"NZ_CP034335.1","SRR12893578"
120,"NZ_CP037426.1","SRR12893578"
128,"NZ_CP041215.1","SRR12893578"
692,"NZ_CP041923.1","SRR12893578"
671,"NZ_CP041924.1","SRR12893578"
130,"NZ_CP042444.1","SRR12893578"
130,"NZ_CP042445.1","SRR12893578"
130,"NZ_CP042446.1","SRR12893578"
121,"NZ_CP042904.1","SRR12893578"
75,"NZ_CP046577.1","SRR12893578"
65,"NZ_CP046578.1","SRR12893578"
70,"NZ_CP046579.1","SRR12893578"
382,"NZ_CP046580.1","SRR12893578"
130,"NZ_CP046921.1","SRR12893578"
130,"NZ_CP046922.1","SRR12893578"
130,"NZ_CP046923.1","SRR12893578"
130,"NZ_CP046924.1","SRR12893578"
130,"NZ_CP046925.1","SRR12893578"
173,"NZ_CP048818.1","SRR12893578"
173,"NZ_CP048819.1","SRR12893578"
174,"NZ_CP048820.1","SRR12893578"
81,"NZ_CP050521.1","SRR12893578"
136,"NZ_CP051156.1","SRR12893578"
90,"NZ_CP051157.1","SRR12893578"
185,"NZ_CP051264.2","SRR12893578"
185,"NZ_CP051265.2","SRR12893578"
171,"NZ_CP051266.2","SRR12893578"
187,"NZ_CP051608.1","SRR12893578"
134,"NZ_CP054557.1","SRR12893578"
118,"NZ_CP067976.1","SRR12893578"
130,"NZ_CP069052.1","SRR12893578"
130,"NZ_CP069053.1","SRR12893578"
112,"NZ_CP069054.1","SRR12893578"
130,"NZ_CP069055.1","SRR12893578"
130,"NZ_CP069060.1","SRR12893578"
136,"NZ_CP072012.1","SRR12893578"
130,"NZ_CP072666.1","SRR12893578"
130,"NZ_CP072667.1","SRR12893578"
130,"NZ_CP072668.1","SRR12893578"
130,"NZ_CP072669.1","SRR12893578"
130,"NZ_CP072670.1","SRR12893578"
130,"NZ_CP072671.1","SRR12893578"
130,"NZ_CP072672.1","SRR12893578"
143,"NZ_CP076228.1","SRR12893578"
580,"NZ_CP080546.1","SRR12893578"
94,"NZ_CP084693.1","SRR12893578"
121,"NZ_CP084694.1","SRR12893578"
126,"NZ_CP087954.1","SRR12893578"
130,"NZ_CP090948.1","SRR12893578"
120,"NZ_CP091195.1","SRR12893578"
148,"NZ_CP092368.1","SRR12893578"
119,"NZ_CP092526.1","SRR12893578"
116,"NZ_CP096925.1","SRR12893578"
116,"NZ_CP096926.1","SRR12893578"
96,"NZ_CP101657.1","SRR12893578"
329,"NZ_CP110359.1","SRR12893578"
85,"NZ_HG810405.1","SRR12893578"
115,"NZ_OW370537.1","SRR12893578"
162,"NZ_OW370567.1","SRR12893578"
109,"NC_010981.1","SRR12893579"
58,"NC_018267.1","SRR12893579"
77,"NZ_AP013028.1","SRR12893579"
86,"NZ_CP015510.2","SRR12893579"
103,"NZ_CP021120.1","SRR12893579"
1012,"NZ_CP031221.1","SRR12893579"
93,"NZ_CP034333.1","SRR12893579"
113,"NZ_CP034334.1","SRR12893579"
113,"NZ_CP034335.1","SRR12893579"
162,"NZ_CP037426.1","SRR12893579"
166,"NZ_CP041215.1","SRR12893579"
1073,"NZ_CP041923.1","SRR12893579"
1094,"NZ_CP041924.1","SRR12893579"
172,"NZ_CP042444.1","SRR12893579"
172,"NZ_CP042445.1","SRR12893579"
172,"NZ_CP042446.1","SRR12893579"
166,"NZ_CP042904.1","SRR12893579"
70,"NZ_CP046577.1","SRR12893579"
65,"NZ_CP046578.1","SRR12893579"
53,"NZ_CP046579.1","SRR12893579"
544,"NZ_CP046580.1","SRR12893579"
172,"NZ_CP046921.1","SRR12893579"
172,"NZ_CP046922.1","SRR12893579"
172,"NZ_CP046923.1","SRR12893579"
172,"NZ_CP046924.1","SRR12893579"
172,"NZ_CP046925.1","SRR12893579"
205,"NZ_CP048818.1","SRR12893579"
204,"NZ_CP048819.1","SRR12893579"
202,"NZ_CP048820.1","SRR12893579"
85,"NZ_CP050521.1","SRR12893579"
128,"NZ_CP051156.1","SRR12893579"
89,"NZ_CP051157.1","SRR12893579"
214,"NZ_CP051264.2","SRR12893579"
214,"NZ_CP051265.2","SRR12893579"
198,"NZ_CP051266.2","SRR12893579"
214,"NZ_CP051608.1","SRR12893579"
171,"NZ_CP054557.1","SRR12893579"
99,"NZ_CP067976.1","SRR12893579"
175,"NZ_CP069052.1","SRR12893579"
176,"NZ_CP069053.1","SRR12893579"
111,"NZ_CP069054.1","SRR12893579"
172,"NZ_CP069055.1","SRR12893579"
176,"NZ_CP069060.1","SRR12893579"
182,"NZ_CP072012.1","SRR12893579"
172,"NZ_CP072666.1","SRR12893579"
172,"NZ_CP072667.1","SRR12893579"
172,"NZ_CP072668.1","SRR12893579"
172,"NZ_CP072669.1","SRR12893579"
172,"NZ_CP072670.1","SRR12893579"
172,"NZ_CP072671.1","SRR12893579"
172,"NZ_CP072672.1","SRR12893579"
178,"NZ_CP076228.1","SRR12893579"
1012,"NZ_CP080546.1","SRR12893579"
87,"NZ_CP084693.1","SRR12893579"
99,"NZ_CP084694.1","SRR12893579"
114,"NZ_CP087954.1","SRR12893579"
172,"NZ_CP090948.1","SRR12893579"
163,"NZ_CP091195.1","SRR12893579"
235,"NZ_CP092368.1","SRR12893579"
102,"NZ_CP092526.1","SRR12893579"
91,"NZ_CP096925.1","SRR12893579"
91,"NZ_CP096926.1","SRR12893579"
87,"NZ_CP101657.1","SRR12893579"
697,"NZ_CP110359.1","SRR12893579"
65,"NZ_HG810405.1","SRR12893579"
143,"NZ_OW370537.1","SRR12893579"
243,"NZ_OW370567.1","SRR12893579"
97697,"NC_010981.1","SRR12893580"
6137,"NC_018267.1","SRR12893580"
24507,"NZ_AP013028.1","SRR12893580"
27549,"NZ_CP015510.2","SRR12893580"
105688,"NZ_CP021120.1","SRR12893580"
2164494,"NZ_CP031221.1","SRR12893580"
14389,"NZ_CP034333.1","SRR12893580"
88081,"NZ_CP034334.1","SRR12893580"
88083,"NZ_CP034335.1","SRR12893580"
35038,"NZ_CP037426.1","SRR12893580"
39412,"NZ_CP041215.1","SRR12893580"
2162681,"NZ_CP041923.1","SRR12893580"
2168079,"NZ_CP041924.1","SRR12893580"
31847,"NZ_CP042444.1","SRR12893580"
31838,"NZ_CP042445.1","SRR12893580"
31849,"NZ_CP042446.1","SRR12893580"
41419,"NZ_CP042904.1","SRR12893580"
16928,"NZ_CP046577.1","SRR12893580"
10191,"NZ_CP046578.1","SRR12893580"
5482,"NZ_CP046579.1","SRR12893580"
6588,"NZ_CP046580.1","SRR12893580"
32200,"NZ_CP046921.1","SRR12893580"
32198,"NZ_CP046922.1","SRR12893580"
31734,"NZ_CP046923.1","SRR12893580"
31850,"NZ_CP046924.1","SRR12893580"
31849,"NZ_CP046925.1","SRR12893580"
353100,"NZ_CP048818.1","SRR12893580"
349312,"NZ_CP048819.1","SRR12893580"
348205,"NZ_CP048820.1","SRR12893580"
14341,"NZ_CP050521.1","SRR12893580"
25412,"NZ_CP051156.1","SRR12893580"
33710,"NZ_CP051157.1","SRR12893580"
371041,"NZ_CP051264.2","SRR12893580"
370938,"NZ_CP051265.2","SRR12893580"
334648,"NZ_CP051266.2","SRR12893580"
371162,"NZ_CP051608.1","SRR12893580"
34210,"NZ_CP054557.1","SRR12893580"
94274,"NZ_CP067976.1","SRR12893580"
33397,"NZ_CP069052.1","SRR12893580"
35195,"NZ_CP069053.1","SRR12893580"
88082,"NZ_CP069054.1","SRR12893580"
29825,"NZ_CP069055.1","SRR12893580"
35553,"NZ_CP069060.1","SRR12893580"
35741,"NZ_CP072012.1","SRR12893580"
31849,"NZ_CP072666.1","SRR12893580"
31849,"NZ_CP072667.1","SRR12893580"
31849,"NZ_CP072668.1","SRR12893580"
31849,"NZ_CP072669.1","SRR12893580"
31849,"NZ_CP072670.1","SRR12893580"
31849,"NZ_CP072671.1","SRR12893580"
31849,"NZ_CP072672.1","SRR12893580"
28854,"NZ_CP076228.1","SRR12893580"
2164522,"NZ_CP080546.1","SRR12893580"
77477,"NZ_CP084693.1","SRR12893580"
88376,"NZ_CP084694.1","SRR12893580"
103496,"NZ_CP087954.1","SRR12893580"
31848,"NZ_CP090948.1","SRR12893580"
35456,"NZ_CP091195.1","SRR12893580"
5838,"NZ_CP092368.1","SRR12893580"
104213,"NZ_CP092526.1","SRR12893580"
92883,"NZ_CP096925.1","SRR12893580"
92961,"NZ_CP096926.1","SRR12893580"
36435,"NZ_CP101657.1","SRR12893580"
27548,"NZ_CP110359.1","SRR12893580"
6137,"NZ_HG810405.1","SRR12893580"
245797,"NZ_OW370537.1","SRR12893580"
81928,"NZ_OW370567.1","SRR12893580"
112157,"NC_010981.1","SRR12893581"
7024,"NC_018267.1","SRR12893581"
29705,"NZ_AP013028.1","SRR12893581"
32483,"NZ_CP015510.2","SRR12893581"
120946,"NZ_CP021120.1","SRR12893581"
2336752,"NZ_CP031221.1","SRR12893581"
17705,"NZ_CP034333.1","SRR12893581"
101526,"NZ_CP034334.1","SRR12893581"
101527,"NZ_CP034335.1","SRR12893581"
41713,"NZ_CP037426.1","SRR12893581"
46330,"NZ_CP041215.1","SRR12893581"
2332913,"NZ_CP041923.1","SRR12893581"
2339267,"NZ_CP041924.1","SRR12893581"
37805,"NZ_CP042444.1","SRR12893581"
37807,"NZ_CP042445.1","SRR12893581"
37810,"NZ_CP042446.1","SRR12893581"
48793,"NZ_CP042904.1","SRR12893581"
21271,"NZ_CP046577.1","SRR12893581"
12496,"NZ_CP046578.1","SRR12893581"
6558,"NZ_CP046579.1","SRR12893581"
7660,"NZ_CP046580.1","SRR12893581"
38236,"NZ_CP046921.1","SRR12893581"
38236,"NZ_CP046922.1","SRR12893581"
37656,"NZ_CP046923.1","SRR12893581"
37801,"NZ_CP046924.1","SRR12893581"
37808,"NZ_CP046925.1","SRR12893581"
381981,"NZ_CP048818.1","SRR12893581"
378105,"NZ_CP048819.1","SRR12893581"
376862,"NZ_CP048820.1","SRR12893581"
17652,"NZ_CP050521.1","SRR12893581"
30220,"NZ_CP051156.1","SRR12893581"
40010,"NZ_CP051157.1","SRR12893581"
401962,"NZ_CP051264.2","SRR12893581"
401807,"NZ_CP051265.2","SRR12893581"
362477,"NZ_CP051266.2","SRR12893581"
402150,"NZ_CP051608.1","SRR12893581"
40973,"NZ_CP054557.1","SRR12893581"
107969,"NZ_CP067976.1","SRR12893581"
39371,"NZ_CP069052.1","SRR12893581"
41379,"NZ_CP069053.1","SRR12893581"
101527,"NZ_CP069054.1","SRR12893581"
35576,"NZ_CP069055.1","SRR12893581"
41671,"NZ_CP069060.1","SRR12893581"
42147,"NZ_CP072012.1","SRR12893581"
37808,"NZ_CP072666.1","SRR12893581"
37808,"NZ_CP072667.1","SRR12893581"
37808,"NZ_CP072668.1","SRR12893581"
37808,"NZ_CP072669.1","SRR12893581"
37808,"NZ_CP072670.1","SRR12893581"
37808,"NZ_CP072671.1","SRR12893581"
37808,"NZ_CP072672.1","SRR12893581"
34559,"NZ_CP076228.1","SRR12893581"
2336775,"NZ_CP080546.1","SRR12893581"
89173,"NZ_CP084693.1","SRR12893581"
101817,"NZ_CP084694.1","SRR12893581"
118562,"NZ_CP087954.1","SRR12893581"
37809,"NZ_CP090948.1","SRR12893581"
42709,"NZ_CP091195.1","SRR12893581"
7228,"NZ_CP092368.1","SRR12893581"
119414,"NZ_CP092526.1","SRR12893581"
106597,"NZ_CP096925.1","SRR12893581"
106668,"NZ_CP096926.1","SRR12893581"
42716,"NZ_CP101657.1","SRR12893581"
32594,"NZ_CP110359.1","SRR12893581"
7044,"NZ_HG810405.1","SRR12893581"
259103,"NZ_OW370537.1","SRR12893581"
89861,"NZ_OW370567.1","SRR12893581"
